{
    "Brand_Adidas*Material_Canvas*Size_Inconnu": -39.522510703254326,
    "no_column_added": -39.55263107932525
}