{
    "Brand_Adidas*Material_Canvas*Material_Inconnu": -39.53223397418354,
    "no_column_added": -39.53223397418354
}